Recording,MeanRelativeApertureLeft,MeanRelativeApertureRight,MeanRelativeApertureMean,MeanSquintLeft,MeanSquintRight,MeanSquintMean,PercentTimeSquintLeft,PercentTimeSquintRight,PercentTimeBlinking,NSamplesUsed
Dark,0.842618843998589,0.774433210796887,0.80852602739774,0.157381156001412,0.225566789203114,0.191473972602263,12.061293984109,34.5380249716232,7.81433115687259,44050
Read,0.76196765490175,0.750407316065368,0.756187485483558,0.238032345098251,0.249592683934634,0.243812514516442,48.8782158930611,48.9554644992275,4.32256331027071,29774
Chat,0.689398212843401,0.624143588420066,0.656770900631731,0.310601787156598,0.375856411579934,0.343229099368266,58.7516469889167,77.6422869248456,5.71472860206164,38707
Walk Indoor,0.791223365370285,0.725142985766124,0.758183175568205,0.208776634629714,0.274857014233876,0.241816824431795,35.6494746895893,51.9490210124164,7.46179560649475,33504
Walk Outdoor,0.380785811294403,0.244810252302923,0.312798031798663,0.619214188705598,0.755189747697076,0.687201968201338,98.1671135334711,99.8901147202321,3.82181003032834,45502
Walk Biopond,0.693757050419995,0.644223431879269,0.668990241149633,0.306242949580004,0.355776568120731,0.331009758850367,57.1991706555405,70.0130544961221,5.50336601223539,39067
Sit Biopond,0.780122098165094,0.68468794553356,0.732405021849327,0.219877901834906,0.315312054466442,0.267594978150674,35.9545498438858,78.5302732803296,4.3390092380983,31067
