Recording,CenterTime_s,StartTime_s,EndTime_s,MedianLeftHorizAngleDeg,MedianRightHorizAngleDeg,MedianSignedHorizDiffDeg,MedianAbsHorizDiffDeg,MedianSignedVerticalDiffDeg,MedianAbsVerticalDiffDeg,Median3DAngleBetweenEyesDeg,SDSignedHorizDiffDeg,SD3DAngleBetweenEyesDeg,NSamples
Walk Indoor,22.691,22.541,22.841,-0.699253506660993,0.361500872450637,-0.729644051209382,1.00349973247659,0.838155386075174,0.838155386075174,1.27610535423471,1.36298459054724,0.649664460741393,59
Read,14.08,13.93,14.23,-2.26633063829355,-0.755130560952872,-1.50956894451023,1.50956894451023,0.843168502635849,0.843168502635849,1.70377595998741,0.65176298823938,0.514554405533164,60
Sit Biopond,14.712,14.562,14.862,0.358128907382991,1.00317549587046,-0.665035191066794,0.665035191066794,0.819994160836237,0.819994160836237,1.05057841614947,0.20324510365686,0.137944821567997,60
Chat,16.54,16.39,16.69,-0.91554887876998,-7.98418341751634,7.12477360115751,7.12477360115751,0.609917419382812,0.609917419382812,7.12885978236222,0.156910698347616,0.156655529280385,60
